id,date,source_type,source_title,url,poster_role,context,pain_category,trigger_event,consequence,workaround,recurring_signal,notes
1,2026-02-14,reddit,"First comp tomorrow, I'm scared",https://www.reddit.com/r/Showchoir/comments/1r4c9dj/first_comp_tomorrow_im_scared/,student,competition,readiness confusion,"first competition; does not know how competitions work","anxiety; reluctance to ask questions publicly","asks anonymous online community for help",yes,"Strong direct student signal; explicit fear of sounding stupid"
2,2025-11-14,reddit,"Show choir is killing me",https://www.reddit.com/r/MusicEd/comments/1owhaz0/show_choir_is_killing_me/,director,rehearsal,practice/catch-up,"students need more learning support outside rehearsal","students cannot master material in rehearsal time alone","part tracks; choreography videos; extra practice access",yes,"Director-facing but describes repeated student readiness gap"
3,2022-08-18,reddit,"I have a show choir performance tomorrow and I'm terrified",https://www.reddit.com/r/teenagers/comments/wrac9m,student,performance,general stress with no clear workflow issue,"upcoming performance with low confidence and weak preparation","panic before performance","asks for reassurance online",unclear,"Older signal; useful only as supporting evidence for readiness anxiety"
4,2020-03-05,reddit,"Help! My show choir keeps quitting!",https://www.reddit.com/r/MusicEd/comments/fdofa9,unknown,during season,attendance/commitment,"students too busy; attendance inconsistency","late arrivals; absences; attrition","director and staff coordination",yes,"Older and less student-direct, but recurring coordination issue"
5,2024-07-10,reddit,"Show choir kid having trouble fitting in.",https://www.reddit.com/r/MusicalTheatre/comments/1e08fur/,student,social,social anxiety / belonging,"difficulty fitting into performance culture","stress; isolation","seeks advice externally",yes,"Real pain, but broad and hard to solve with narrow workflow app"
6,2025-01-17,public_web,"Dancing into Show Choir Season",https://www.thelittlehawk.com/68483/news/dancing-into-show-choir-season/,student,competition season,practice/catch-up,"competition season begins after months of practice","students must track fixes and practice outside rehearsal","rehearsal videos; self-reminders",yes,"Direct evidence that students rely on rehearsal videos and memory to stay current"
7,2025-01-17,public_web,"Dancing into Show Choir Season",https://www.thelittlehawk.com/68483/news/dancing-into-show-choir-season/,student,competition season,competition-day logistics,"show choir consumes Saturdays and creates scheduling stress","fatigue; timing conflicts; missed experiences","bus rides; peer reminders; personal planning",yes,"Operational pain but broader than core readiness problem"
8,2025-05-17,public_web,"High School Show Choir Auditions (Copy)",https://www.nwrchoralmusic.com/high-school-show-choir-auditions--1,program_page,auditions,readiness confusion,"students need structured audition expectations","risk of being unprepared or confused","what-to-expect guide; handbook; staff contact",yes,"Program explicitly supplies orientation docs because process is complex"
9,2025-05-17,public_web,"High School Show Choir Auditions (Copy)",https://www.nwrchoralmusic.com/high-school-show-choir-auditions--1,program_page,auditions,information fragmentation,"audition prep is split across form, sheet music, full track, part tracks, handbook, ensembles guide, choreography tutorial","students can miss materials or expectations","multiple linked resources",yes,"Strong evidence that current solution is fragmented files and links"
10,2026-02-20,public_web,"Show Choir Masters 2026",https://www.jacksonprep.net/arts/showchoirmasters,competition_page,competition,competition-day logistics,"competition requires explanation of awards, finals, solo events, parking, dining, access rules","first-timers can be confused about what happens and what to do","large event explainer page",yes,"Supports the onboarding confusion theme around competition logistics"
11,2022-10-29,reddit,"I'm ticked about my daughter's show choir, am I overreacting?",https://www.reddit.com/r/MomForAMinute/comments/ygpp04,parent,casting,information fragmentation,"student learns about swing role after prep has already started","frustration; surprise; perceived unfairness","parent escalation",unclear,"Useful as supporting evidence that expectations are not always transparent"
12,2023-06-08,reddit,"Do you know how hard I worked?",https://www.reddit.com/r/screamintothevoid/comments/144cwb6,student,auditions/placement,attendance/commitment,"director cites commitment and missed events in placement decisions","resentment; burnout; mental strain","none stated",yes,"Indicates accountability and expectation tracking matter to students"
13,2026-03-01,indexed_social_search,"Indexed X/Facebook search pass",n/a,unknown,n/a,n/a,"searched public indexed X and Facebook results for show choir competition/student pain","no usable student pain posts surfaced in public indexing","none",n/a,"Search surfaced mostly account pages or login-gated content; not reliable for evidence"
14,2026-03-01,google_trends_access,"Google Trends access check",n/a,unknown,n/a,n/a,"attempted to access trends.google.com result pages through search","no accessible result set returned in this environment","none",n/a,"Trend analysis remains unverified here and should be manually checked later"
15,2025-01-24,public_web,"Show choir season in full swing",https://www.themaryvilleforum.com/articles/featured/show-choir-season-in-full-swing/,student,rehearsal season,attendance/commitment,"season starts in summer and requires weekday early mornings plus 10-hour Saturdays","high time burden; fatigue; pressure to keep up","students reorganize schedules around season",yes,"Student newspaper source confirms sustained workload during season"
16,2025-01-30,public_web,"Carroll students participate in annual show choir competition",https://www.carrolltoncityschools.net/article/2001479,student,competition season,practice/catch-up,"students rehearse multiple numbers for months before events","ongoing need to keep material performance-ready","repeated rehearsals; team-led practice",yes,"Recent school source showing long prep runway and repeated performance maintenance"
17,2026-03-01,public_web,"River City Showcase Handouts",https://sites.google.com/muscatine.k12.ia.us/rivercityshowcase/handouts,program_page,rehearsal support,information fragmentation,"support materials are split across MP3 tracks, part tracks, Google Classroom, choreography videos, dance review videos, and handbooks","students must navigate many destinations to stay current","resource hub of separate tools and links",yes,"Strongest public artifact showing the existing workaround is a patchwork of resources"
